{
  "providerName": "Hosttec Solutions",
  "language": "en-US",
  "lastUpdated": "2017-02-07T18:12:32.125Z",
  "tvSpecials": [

  {
		"id": "c053",
		"title": "Em quem os brasileiros va\u0303o votar",
		"shortDescription": "Trump ou Biden? A rep\u00f3rter Suzanna Alc\u00e2ntara foi \u00e0s ruas de Pompano Beach, Deerfield Beach e Boca Raton, na Fl\u00f3rida, para saber como os brasileiros decidem em quem v\u00e3o votar, e ouviu a opini\u00e3o do historiador e brasilianista James Green sobre as escolhas",
		"thumbnail": "https:\/\/i.vimeocdn.com\/video\/986479320_800x450.png",
		"releaseDate": "2020-11-01T19:03:25-05:00",
		"genres": ["special"],
		"tags": ["special"],
		"content": {
			"dateAdded": "2020-11-01T19:27:29-05:00",
			"duration": 406,
			"videos": [{
				"url": "https:\/\/player.vimeo.com\/external\/474491078.hd.mp4?s=25508fbaba94f88ad7474afe6d747b4c87a0a67a&profile_id=175",
				"quality": "FHD",
				"videoType": "MP4",
				"bitrate": 2274785
			}]
		}
	}
  ],
  "playlists": [

    {
      "name": "achei01",
      "itemIds": [
        "c020",
        "c021",
        "c022"
      ]
    },
    {
      "name": "achei02",
      "itemIds": [
        "c053",
        "c052",
        "c051"
      ]
    }
  ],
  "categories": [
    {
      "name": "AcheiUSA Newspaper - Parte 02",
      "playlistName": "achei02",
      "order": "manual"
    },
    {
      "name": "AcheiUSA Newspaper - Parte 01",
      "playlistName": "achei01",
      "order": "manual"
    }
  ]
}