<?xml version = "1.0" encoding = "utf-8" ?>

<!--********** Copyright 2016 Roku Corp.  All Rights Reserved. **********-->

<component name = "RowListItem" extends = "Group">

  <interface >
    <field id = "itemContent" type = "node" onChange = "showcontent"/>
    <field id = "focusPercent" type = "float" onChange = "showfocus"/>
    <field id = "rowFocusPercent" type = "float" onChange = "showrowfocus"/>
  </interface>

  <script type = "text/brightscript">

    <![CDATA[

    sub init()
      m.itemposter = m.top.findNode("itemPoster") 
      m.itemlabel = m.top.findNode("itemLabel")
    end sub

    sub showcontent(e as object)
      itemcontent = m.top.itemContent
      m.itemposter.uri = itemcontent.HDPosterUrl
      m.itemlabel.text = itemcontent.title
    end sub

    sub showfocus( e as object)
      scale = 1 + (m.top.focusPercent * 0.08)
      m.itemposter.scale = [scale, scale]
    end sub

    sub showrowfocus(e as object)
      m.itemlabel.opacity = m.top.rowFocusPercent
    end sub
    ]]>

  </script>

  <children >

    <Poster id="itemPoster" translation="[0,0]" width="355" height="230">
      <Label id="itemLabel" horizAlign="center" translation="[0,175]" width="350" height="65">
        <Font uri="pkg:/fonts/AvenirNextBold/AvenirNext-Regular.ttf" size="20" />
      </Label>
    </Poster>
  </children>

</component>
